{"T": 60, "dt": 0.01, "tracking_scale": {"theta": 1.9098593171027443, "phi": 1.9098593171027443, "beta": 8.18511135901176}, "tracking_thresh": {"theta": 0.017453292519943295, "phi": 0.03490658503988659, "beta": 0.08726646259971647}}